{"name":"build-javascript","namedChunkGroups":{"polyfill":{"name":"polyfill","assets":[{"name":"webpack-runtime-1df90c6887687b04b0d5.js","size":4373},{"name":"polyfill-9040bc6a4ea80a38c16b.js","size":85057}],"filteredAssets":0,"assetsSize":89430,"filteredAuxiliaryAssets":2,"auxiliaryAssetsSize":228772},"app":{"name":"app","assets":[{"name":"webpack-runtime-1df90c6887687b04b0d5.js","size":4373},{"name":"framework-c8414f18b57856c4f219.js","size":140765},{"name":"app-cc45bb1da586673642e6.js","size":81721}],"filteredAssets":0,"assetsSize":226859,"filteredAuxiliaryAssets":3,"auxiliaryAssetsSize":710876},"component---src-pages-404-js":{"name":"component---src-pages-404-js","assets":[{"name":"component---src-pages-404-js-9f174f5db20727dd58b9.js","size":433}],"filteredAssets":0,"assetsSize":433,"filteredAuxiliaryAssets":1,"auxiliaryAssetsSize":497},"component---src-pages-index-js":{"name":"component---src-pages-index-js","assets":[{"name":"styles.a67f191c636bbdc74a94.css","size":11013},{"name":"component---src-pages-index-js-faee78d305a533a2c8f6.js","size":48395}],"filteredAssets":0,"assetsSize":59408,"filteredAuxiliaryAssets":1,"auxiliaryAssetsSize":186943}},"assetsByChunkName":{"polyfill":["webpack-runtime-1df90c6887687b04b0d5.js","polyfill-9040bc6a4ea80a38c16b.js"],"app":["webpack-runtime-1df90c6887687b04b0d5.js","framework-c8414f18b57856c4f219.js","app-cc45bb1da586673642e6.js"],"component---src-pages-404-js":["component---src-pages-404-js-9f174f5db20727dd58b9.js"],"component---src-pages-index-js":["styles.a67f191c636bbdc74a94.css","component---src-pages-index-js-faee78d305a533a2c8f6.js"]},"childAssetsByChunkName":{}}